,0
for_GGG_1414-1415-1416,GGATCCAAAGAGAGGCCAACATTTTTTGAA(ATT/GGG)TTTAAGACACGCTGCAACAAAGCAGGTATT
for_GGG_1393-1394-1395,TCGTAGGTAAAAATGCCTATTGGATCCAAAG(A/G)GAGGCCAACATTTTTTGAAATTTTTAAGACA
for_GGG_1438-1439-1440,TTTGAAATTTTTAAGACACGCTGCAACAAAG(CA/GG)GGTATTGACAAATTTTATATAACTTTATAA
for_GGG_4083-4084-4085,TCTGAACCTGCAGAAGAATCTGAACATAAA(AAC/GGG)AACAATTACGAACCAAACCTATTTAAAACT
for_GGG_4113-4114-4115,AACAACAATTACGAACCAAACCTATTTAAA(ACT/GGG)CCACAAAGGAAACCATCTTATAATCAGCTG
for_GGG_4122-4123-4124,TACGAACCAAACCTATTTAAAACTCCACAA(A/G)GGAAACCATCTTATAATCAGCTGGCTTCAACT
for_GGG_4023-4024-4025,TTAGGACCAATAAGTCTTAATTGGTTTGAAG(AA/GG)CTTTCTTCAGAAGCTCCACCCTATAATTCT
for_GGG_4038-4039-4040,CTTAATTGGTTTGAAGAACTTTCTTCAGAAG(CT/GG)CCACCCTATAATTCTGAACCTGCAGAAGAA
for_GGG_4068-4069-4070,GCTCCACCCTATAATTCTGAACCTGCAGAAG(AA/GG)TCTGAACATAAAAACAACAATTACGAACCA
for_GGG_4170-4171-4172,CAGCTGGCTTCAACTCCAATAATATTCAAAG(A/G)GCAAGGGCTGACTCTGCCGCTGTACCAATCT
for_GGG_4212-4213-4214,ACTCTGCCGCTGTACCAATCTCCTGTAAAAG(AA/GG)TTAGATAAATTCAAATTAGACTTAGGTAAG
for_GGG_10079-10080-10081,CAAGCAGATGATGTTTCCTGTCCACTTCTA(AAT/GGG)TCTTGTCTTAGTGAAAGGTATGATGAAGCT
for_GGG_10019-10020-10021,GGAAGGAATGTTCCCAATAGTAGACATAAA(AGT/GGG)CTTCGCACAGTGAAAACTAAAATGGATCAA
for_GGG_11052-11053-11054,GTTCTACAATGTACACATGTAACACCACAA(AGA/GGG)GATAAGTCAGGTATGATTAAAAACAATGCT
for_GGG_11185-11186-11187,GTGGTATGTGGGAGTTTGTTTCATACACCA(AAG/GGG)TTTGTGAAGGTAAATATTCTACCTGGTTTA
for_GGG_11194-11195-11196,GGGAGTTTGTTTCATACACCAAAGTTTGTG(AAG/GGG)GTAAATATTCTACCTGGTTTATTTTTATGA
for_GGG_11443-11444-11445,GGTCGTCAGACACCAAAACATATTTCTGAA(AGT/GGG)CTAGGAGCTGAGGTGGATCCTGATATGTCT
for_GGG_15842-15843-15844,TTTAAACTATAATTTTTGCAGAATGTGAAA(AGC/GGG)TATTTTTCCAATCATGATGAAAGTCTGAAG
for_GGG_15866-15867-15868,GTGAAAAGCTATTTTTCCAATCATGATGAA(AGT/GGG)CTGAAGAAAAATGATAGATTTATCGCTTCT
for_GGG_15878-15879-15880,TTTTCCAATCATGATGAAAGTCTGAAGAAA(AAT/GGG)GATAGATTTATCGCTTCTGTGACAGACAGT
for_GGG_15914-15915-15916,AGATTTATCGCTTCTGTGACAGACAGTGAA(AAC/GGG)ACAAATCAAAGAGAAGCTGCAAGTCATGGT
for_GGG_15926-15927-15928,TCTGTGACAGACAGTGAAAACACAAATCAA(AGA/GGG)GAAGCTGCAAGTCATGGTAAGTCCTCTGTT
for_GGG_15932-15933-15934,ACAGACAGTGAAAACACAAATCAAAGAGAAG(CT/GG)GCAAGTCATGGTAAGTCCTCTGTTTAGTTG
for_GGG_17197-17198-17199,CTGTTTTATACTTTAACAGGATTTGGAAAA(ACA/GGG)TCAGGGAATTCATTTAAAGTAAATAGCTGC
for_GGG_17284-17285-17286,CCAAATGTCCTAGAAGATGAAGTATATGAA(ACA/GGG)GTTGTAGATACCTCTGAAGAAGATAGTTTT
for_GGG_17347-17348-17349,TCATTATGTTTTTCTAAATGTAGAACAAAA(AAT/GGG)CTACAAAAAGTAAGAACTAGCAAGACTAGG
for_GGG_17356-17357-17358,TTTTCTAAATGTAGAACAAAAAATCTACAA(AAA/GGG)GTAAGAACTAGCAAGACTAGGAAAAAAATT
for_GGG_17383-17384-17385,CAAAAAGTAAGAACTAGCAAGACTAGGAAA(AAA/GGG)ATTTTCCATGAAGCAAACGCTGATGAATGT
for_GGG_17386-17387-17388,AAAGTAAGAACTAGCAAGACTAGGAAAAAA(ATT/GGG)TTCCATGAAGCAAACGCTGATGAATGTGAA
for_GGG_17419-17420-17421,TTCCATGAAGCAAACGCTGATGAATGTGAA(AAA/GGG)TCTAAAAACCAAGTGAAAGAAAAATACTCA
for_GGG_17428-17429-17430,GCAAACGCTGATGAATGTGAAAAATCTAAA(AAC/GGG)CAAGTGAAAGAAAAATACTCATTTGTATCT
for_GGG_17443-17444-17445,TGTGAAAAATCTAAAAACCAAGTGAAAGAA(AAA/GGG)TACTCATTTGTATCTGAAGTGGAACCAAAT
for_GGG_17539-17540-17541,CAGAAGCCCTTTGAGAGTGGAAGTGACAAA(ATC/GGG)TCCAAGGAAGTTGTACCGTCTTTGGCCTGT
for_GGG_17623-17624-17625,TCAGGTCTAAATGGAGCCCAGATGGAGAAA(ATA/GGG)CCCCTATTGCATATTTCTTCATGTGACCAA
for_GGG_17656-17657-17658,CCCCTATTGCATATTTCTTCATGTGACCAA(AAT/GGG)ATTTCAGAAAAAGACCTATTAGACACAGAG
for_GGG_17668-17669-17670,ATTTCTTCATGTGACCAAAATATTTCAGAA(AAA/GGG)GACCTATTAGACACAGAGAACAAAAGAAAG
for_GGG_17695-17696-17697,GAAAAAGACCTATTAGACACAGAGAACAAA(AGA/GGG)AAGAAAGATTTTCTTACTTCAGAGAATTCT
for_GGG_17779-17780-17781,CCAAAATCAGAGAAGCCATTAAATGAGGAA(ACA/GGG)GTGGTAAATAAGAGAGATGAAGAGCAGCAT
for_GGG_17899-17900-17901,CCAGTGGCTTCTTCATTTCAGGGTATCAAA(AAG/GGG)TCTATATTCAGAATAAGAGAATCACCTAAA
for_GGG_17983-17984-17985,TCAGGTCATATGACTGATCCAAACTTTAAA(AAA/GGG)GAAACTGAAGCCTCTGAAAGTGGACTGGAA
for_GGG_17989-17990-17991,CATATGACTGATCCAAACTTTAAAAAAGAA(ACT/GGG)GAAGCCTCTGAAAGTGGACTGGAAATACAT
for_GGG_18004-18005-18006,AACTTTAAAAAAGAAACTGAAGCCTCTGAA(AGT/GGG)GGACTGGAAATACATACTGTTTGCTCACAG
for_GGG_18016-18017-18018,GAAACTGAAGCCTCTGAAAGTGGACTGGAA(ATA/GGG)CATACTGTTTGCTCACAGAAGGAGGACTCC
for_GGG_18145-18146-18147,AAGAATGCAGGTTTAATATCCACTTTGAAA(AAG/GGG)AAAACAAATAAGTTTATTTATGCTATACAT
for_GGG_18151-18152-18153,GCAGGTTTAATATCCACTTTGAAAAAGAAA(ACA/GGG)AATAAGTTTATTTATGCTATACATGATGAA
for_GGG_18184-18185-18186,AATAAGTTTATTTATGCTATACATGATGAA(ACA/GGG)TCTTATAAAGGAAAAAAAATACCGAAAGAC
for_GGG_18202-18203-18204,ATACATGATGAAACATCTTATAAAGGAAAA(AAA/GGG)ATACCGAAAGACCAAAAATCAGAACTAATT
for_GGG_18205-18206-18207,CATGATGAAACATCTTATAAAGGAAAAAAA(ATA/GGG)CCGAAAGACCAAAAATCAGAACTAATTAAC
for_GGG_18220-18221-18222,TATAAAGGAAAAAAAATACCGAAAGACCAA(AAA/GGG)TCAGAACTAATTAACTGTTCAGCCCAGTTT
for_GGG_17218-17219-17220,TTTGGAAAAACATCAGGGAATTCATTTAAAG(TA/GG)AATAGCTGCAAAGACCACATTGGAAAGTCA
for_GGG_17233-17234-17235,GGGAATTCATTTAAAGTAAATAGCTGCAAAG(AC/GG)CACATTGGAAAGTCAATGCCAAATGTCCTA
for_GGG_17269-17270-17271,ATTGGAAAGTCAATGCCAAATGTCCTAGAAG(AT/GG)GAAGTATATGAAACAGTTGTAGATACCTCT
for_GGG_17275-17276-17277,AAGTCAATGCCAAATGTCCTAGAAGATGAAG(TA/GG)TATGAAACAGTTGTAGATACCTCTGAAGAA
for_GGG_17305-17306-17307,GTATATGAAACAGTTGTAGATACCTCTGAAG(AA/GG)GATAGTTTTTCATTATGTTTTTCTAAATGT
for_GGG_17308-17309-17310,TATGAAACAGTTGTAGATACCTCTGAAGAAG(AT/GG)AGTTTTTCATTATGTTTTTCTAAATGTAGA
for_GGG_17359-17360-17361,TCTAAATGTAGAACAAAAAATCTACAAAAAG(TA/GG)AGAACTAGCAAGACTAGGAAAAAAATTTTC
for_GGG_17398-17399-17400,AGCAAGACTAGGAAAAAAATTTTCCATGAAG(CA/GG)AACGCTGATGAATGTGAAAAATCTAAAAAC
for_GGG_17434-17435-17436,GCTGATGAATGTGAAAAATCTAAAAACCAAG(T/G)GAAAGAAAAATACTCATTTGTATCTGAAGTG
for_GGG_17440-17441-17442,GAATGTGAAAAATCTAAAAACCAAGTGAAAG(AA/GG)AAATACTCATTTGTATCTGAAGTGGAACCA
for_GGG_17464-17465-17466,GTGAAAGAAAAATACTCATTTGTATCTGAAG(T/G)GGAACCAAATGATACTGATCCATTAGATTCA
for_GGG_17551-17552-17553,GAGAGTGGAAGTGACAAAATCTCCAAGGAAG(TT/GG)GTACCGTCTTTGGCCTGTGAATGGTCTCAA
for_GGG_17671-17672-17673,TCTTCATGTGACCAAAATATTTCAGAAAAAG(AC/GG)CTATTAGACACAGAGAACAAAAGAAAGAAA
for_GGG_17704-17705-17706,CTATTAGACACAGAGAACAAAAGAAAGAAAG(AT/GG)TTTCTTACTTCAGAGAATTCTTTGCCACGT
for_GGG_17803-17804-17805,GAGGAAACAGTGGTAAATAAGAGAGATGAAG(A/G)GCAGCATCTTGAATCTCATACAGACTGCATT
for_GGG_17932-17933-17934,TCTATATTCAGAATAAGAGAATCACCTAAAG(A/G)GACTTTCAATGCAAGTTTTTCAGGTCATATG
for_GGG_17986-17987-17988,GGTCATATGACTGATCCAAACTTTAAAAAAG(AA/GG)ACTGAAGCCTCTGAAAGTGGACTGGAAATA
for_GGG_17995-17996-17997,ACTGATCCAAACTTTAAAAAAGAAACTGAAG(CC/GG)TCTGAAAGTGGACTGGAAATACATACTGTT
for_GGG_18196-18197-18198,TATGCTATACATGATGAAACATCTTATAAAGG(A/G)AAAAAAATACCGAAAGACCAAAAATCAGAA
for_GGG_18214-18215-18216,ACATCTTATAAAGGAAAAAAAATACCGAAAG(AC/GG)CAAAAATCAGAACTAATTAACTGTTCAGCC
for_GGG_18256-18257-18258,GAACTAATTAACTGTTCAGCCCAGTTTGAAG(CA/GG)AATGCTTTTGAAGCACCACTTACATTTGCA
for_GGG_18271-18272-18273,TCAGCCCAGTTTGAAGCAAATGCTTTTGAAG(CA/GG)CCACTTACATTTGCAAATGCTGATTCAGGT
for_GGG_21202-21203-21204,TGTTTAGGTTTATTGCATTCTTCTGTGAAA(AGA/GGG)AGCTGTTCACAGAATGATTCTGAAGAACCA
for_GGG_21292-21293-21294,ACAATTCTGAGGAAATGTTCTAGAAATGAA(ACA/GGG)TGTTCTAATAATACAGTAATCTCTCAGGAT
for_GGG_21358-21359-21360,GATTATAAAGAAGCAAAATGTAATAAGGAA(AAA/GGG)CTACAGTTATTTATTACCCCAGAAGCTGAT
for_GGG_21424-21425-21426,CTGTCATGCCTGCAGGAAGGACAGTGTGAA(AAT/GGG)GATCCAAAAAGCAAAAAAGTTTCAGATATA
for_GGG_21436-21437-21438,CAGGAAGGACAGTGTGAAAATGATCCAAAA(AGC/GGG)AAAAAAGTTTCAGATATAAAAGAAGAGGTC
for_GGG_21442-21443-21444,GGACAGTGTGAAAATGATCCAAAAAGCAAA(AAA/GGG)GTTTCAGATATAAAAGAAGAGGTCTTGGCT
for_GGG_21541-21542-21543,TACAGTGATACTGACTTTCAATCCCAGAAA(AGT/GGG)CTTTTATATGATCATGAAAATGCCAGCACT
for_GGG_21562-21563-21564,TCCCAGAAAAGTCTTTTATATGATCATGAA(AAT/GGG)GCCAGCACTCTTATTTTAACTCCTACTTCC
for_GGG_21649-21650-21651,ATGATTTCTAGAGGCAAAGAATCATACAAA(ATG/GGG)TCAGACAAGCTCAAAGGTAACAATTATGAA
for_GGG_21703-21704-21705,AATTATGAATCTGATGTTGAATTAACCAAA(AAT/GGG)ATTCCCATGGAAAAGAATCAAGATGTATGT
for_GGG_21718-21719-21720,GTTGAATTAACCAAAAATATTCCCATGGAA(AAG/GGG)AATCAAGATGTATGTGCTTTAAATGAAAAT
for_GGG_21748-21749-21750,AAGAATCAAGATGTATGTGCTTTAAATGAA(AAT/GGG)TATAAAAACGTTGAGCTGTTGCCACCTGAA
for_GGG_21757-21758-21759,GATGTATGTGCTTTAAATGAAAATTATAAA(AAC/GGG)GTTGAGCTGTTGCCACCTGAAAAATACATG
for_GGG_21781-21782-21783,TATAAAAACGTTGAGCTGTTGCCACCTGAA(AAA/GGG)TACATGAGAGTAGCATCACCTTCAAGAAAG
for_GGG_21829-21830-21831,TCACCTTCAAGAAAGGTACAATTCAACCAA(AAC/GGG)ACAAATCTAAGAGTAATCCAAAAAAATCAA
for_GGG_21853-21854-21855,AACCAAAACACAAATCTAAGAGTAATCCAA(AAA/GGG)AATCAAGAAGAAACTACTTCAATTTCAAAA
for_GGG_21856-21857-21858,CAAAACACAAATCTAAGAGTAATCCAAAAA(AAT/GGG)CAAGAAGAAACTACTTCAATTTCAAAAATA
for_GGG_21868-21869-21870,CTAAGAGTAATCCAAAAAAATCAAGAAGAA(ACT/GGG)ACTTCAATTTCAAAAATAACTGTCAATCCA
for_GGG_21886-21887-21888,AATCAAGAAGAAACTACTTCAATTTCAAAA(ATA/GGG)ACTGTCAATCCAGACTCTGAAGAACTTTTC
for_GGG_21961-21962-21963,AATAATTTTGTCTTCCAAGTAGCTAATGAA(A/G)GGAATAATCTTGCTTTAGGAAATACTAAGGAA
for_GGG_22003-22004-22005,GCTTTAGGAAATACTAAGGAACTTCATGAA(ACA/GGG)GACTTGACTTGTGTAAACGAACCCATTTTC
for_GGG_22102-22103-22104,GATAAACAAGCAACCCAAGTGTCAATTAAA(AAA/GGG)GATTTGGTTTATGTTCTTGCAGAGGAGAAC
for_GGG_22138-22139-22140,TTGGTTTATGTTCTTGCAGAGGAGAACAAA(AAT/GGG)AGTGTAAAGCAGCATATAAAAATGACTCTA
for_GGG_22162-22163-22164,AACAAAAATAGTGTAAAGCAGCATATAAAA(ATG/GGG)ACTCTAGGTCAAGATTTAAAATCGGACATC
for_GGG_22213-22214-22215,AAATCGGACATCTCCTTGAATATAGATAAA(ATA/GGG)CCAGAAAAAAATAATGATTACATGAACAAA
for_GGG_22222-22223-22224,ATCTCCTTGAATATAGATAAAATACCAGAA(AAA/GGG)AATAATGATTACATGAACAAATGGGCAGGA
for_GGG_22225-22226-22227,TCCTTGAATATAGATAAAATACCAGAAAAA(AAT/GGG)AATGATTACATGAACAAATGGGCAGGACTC
for_GGG_22318-22319-22320,GGTAGCTTCAGAACAGCTTCAAATAAGGAA(ATC/GGG)AAGCTCTCTGAACATAACATTAAGAAGAGC
for_GGG_22354-22355-22356,CTCTCTGAACATAACATTAAGAAGAGCAAA(ATG/GGG)TTCTTCAAAGATATTGAAGAACAATATCCT
for_GGG_22408-22409-22410,CAATATCCTACTAGTTTAGCTTGTGTTGAA(ATT/GGG)GTAAATACCTTGGCATTAGATAATCAAAAG
for_GGG_22438-22439-22440,ATTGTAAATACCTTGGCATTAGATAATCAA(AAG/GGG)AAACTGAGCAAGCCTCAGTCAATTAATACT
for_GGG_22516-22517-22518,CAGAGTAGTGTAGTTGTTTCTGATTGTAAA(AAT/GGG)AGTCATATAACCCCTCAGATGTTATTTTCC
for_GGG_22591-22592-22593,AATTCAAACCATAATTTAACACCTAGCCAA(AAG/GGG)GCAGAAATTACAGAACTTTCTACTATATTA
for_GGG_22600-22601-22602,CATAATTTAACACCTAGCCAAAAGGCAGAA(ATT/GGG)ACAGAACTTTCTACTATATTAGAAGAATCA
for_GGG_22708-22709-22710,TTGCAGAAGAGTACATTTGAAGTGCCTGAA(AAC/GGG)CAGATGACTATCTTAAAGACCACTTCTGAG
for_GGG_22831-22832-22833,AGCAGCAAGCAATTTGAAGGTACAGTTGAA(ATT/GGG)AAACGGAAGTTTGCTGGCCTGTTGAAAAAT
for_GGG_22861-22862-22863,ATTAAACGGAAGTTTGCTGGCCTGTTGAAA(AAT/GGG)GACTGTAACAAAAGTGCTTCTGGTTATTTA
for_GGG_22876-22877-22878,GCTGGCCTGTTGAAAAATGACTGTAACAAA(AGT/GGG)GCTTCTGGTTATTTAACAGATGAAAATGAA
for_GGG_22903-22904-22905,AAAAGTGCTTCTGGTTATTTAACAGATGAA(AAT/GGG)GAAGTGGGGTTTAGGGGCTTTTATTCTGCT
for_GGG_22975-22976-22977,AAACTGAATGTTTCTACTGAAGCTCTGCAA(AAA/GGG)GCTGTGAAACTGTTTAGTGATATTGAGAAT
for_GGG_23020-23021-23022,TTTAGTGATATTGAGAATATTAGTGAGGAA(ACT/GGG)TCTGCAGAGGTACATCCAATAAGTTTATCT
for_GGG_23098-23099-23100,GATTCTGTTGTTTCAATGTTTAAGATAGAA(AAT/GGG)CATAATGATAAAACTGTAAGTGAAAAAAAT
for_GGG_23113-23114-23115,ATGTTTAAGATAGAAAATCATAATGATAAA(ACT/GGG)GTAAGTGAAAAAAATAATAAATGCCAACTG
for_GGG_23125-23126-23127,GAAAATCATAATGATAAAACTGTAAGTGAA(AAA/GGG)AATAATAAATGCCAACTGATATTACAAAAT
for_GGG_23128-23129-23130,AATCATAATGATAAAACTGTAAGTGAAAAA(AAT/GGG)AATAAATGCCAACTGATATTACAAAATAAT
for_GGG_23155-23156-23157,AAAAATAATAAATGCCAACTGATATTACAA(AAT/GGG)AATATTGAAATGACTACTGGCACTTTTGTT
for_GGG_23167-23168-23169,TGCCAACTGATATTACAAAATAATATTGAA(ATG/GGG)ACTACTGGCACTTTTGTTGAAGAAATTACT
for_GGG_23194-23195-23196,GAAATGACTACTGGCACTTTTGTTGAAGAA(ATT/GGG)ACTGAAAATTACAAGAGAAATACTGAAAAT
for_GGG_23203-23204-23205,ACTGGCACTTTTGTTGAAGAAATTACTGAA(AAT/GGG)TACAAGAGAAATACTGAAAATGAAGATAAC
for_GGG_23224-23225-23226,ATTACTGAAAATTACAAGAGAAATACTGAA(AAT/GGG)GAAGATAACAAATATACTGCTGCCAGTAGA
for_GGG_23299-23300-23301,TTAGAATTTGATGGCAGTGATTCAAGTAAA(AAT/GGG)GATACTGTTTGTATTCATAAAGATGAAACG
for_GGG_23329-23330-23331,AATGATACTGTTTGTATTCATAAAGATGAA(ACG/GGG)GACTTGCTATTTACTGATCAGCACAACATA
for_GGG_23509-23510-23511,TCAAATAAAGAACAGTTAACTGCTACTAAA(ACG/GGG)GAGCAAAATATAAAAGATTTTGAGACTTCT
for_GGG_23518-23519-23520,GAACAGTTAACTGCTACTAAAACGGAGCAA(AAT/GGG)ATAAAAGATTTTGAGACTTCTGATACATTT
for_GGG_23572-23573-23574,GATACATTTTTTCAGACTGCAAGTGGGAAA(AAT/GGG)ATTAGTGTCGCCAAAGAGTCATTTAATAAA
for_GGG_23605-23606-23607,ATTAGTGTCGCCAAAGAGTCATTTAATAAA(ATT/GGG)GTAAATTTCTTTGATCAGAAACCAGAAGAA
for_GGG_23692-23693-23694,GAATTACATTCTGACATAAGAAAGAACAAA(ATG/GGG)GACATTCTAAGTTATGAGGAAACAGACATA
for_GGG_23716-23717-23718,AACAAAATGGACATTCTAAGTTATGAGGAA(ACA/GGG)GACATAGTTAAACACAAAATACTGAAAGAA
for_GGG_23737-23738-23739,TATGAGGAAACAGACATAGTTAAACACAAA(ATA/GGG)CTGAAAGAAAGTGTCCCAGTTGGTACTGGA
for_GGG_23749-23750-23751,GACATAGTTAAACACAAAATACTGAAAGAA(AGT/GGG)GTCCCAGTTGGTACTGGAAATCAACTAGTG
for_GGG_23812-23813-23814,ACCTTCCAGGGACAACCCGAACGTGATGAA(AAG/GGG)ATCAAAGAACCTACTCTATTGGGTTTTCAT
for_GGG_23860-23861-23862,CTATTGGGTTTTCATACAGCTAGCGGGAAA(AAA/GGG)GTTAAAATTGCAAAGGAATCTTTGGACAAA
for_GGG_23869-23870-23871,TTTCATACAGCTAGCGGGAAAAAAGTTAAA(ATT/GGG)GCAAAGGAATCTTTGGACAAAGTGAAAAAC
for_GGG_23899-23900-23901,ATTGCAAAGGAATCTTTGGACAAAGTGAAA(AAC/GGG)CTTTTTGATGAAAAAGAGCAAGGTACTAGT
for_GGG_23914-23915-23916,TTGGACAAAGTGAAAAACCTTTTTGATGAA(AAA/GGG)GAGCAAGGTACTAGTGAAATCACCAGTTTT
for_GGG_23935-23936-23937,TTTGATGAAAAAGAGCAAGGTACTAGTGAA(ATC/GGG)ACCAGTTTTAGCCATCAATGGGCAAAGACC
for_GGG_24049-24050-24051,GAGATCACAGCTGCCCCAAAGTGTAAAGAA(ATG/GGG)CAGAATTCTCTCAATAATGATAAAAACCTT
for_GGG_24076-24077-24078,GAAATGCAGAATTCTCTCAATAATGATAAA(AAC/GGG)CTTGTTTCTATTGAGACTGTGGTGCCACCT
for_GGG_24139-24140-24141,AAGCTCTTAAGTGATAATTTATGTAGACAA(ACT/GGG)GAAAATCTCAAAACATCAAAAAGTATCTTT
for_GGG_24145-24146-24147,TTAAGTGATAATTTATGTAGACAAACTGAA(AAT/GGG)CTCAAAACATCAAAAAGTATCTTTTTGAAA
for_GGG_24154-24155-24156,AATTTATGTAGACAAACTGAAAATCTCAAA(ACA/GGG)TCAAAAAGTATCTTTTTGAAAGTTAAAGTA
for_GGG_24163-24164-24165,AGACAAACTGAAAATCTCAAAACATCAAAA(AGT/GGG)ATCTTTTTGAAAGTTAAAGTACATGAAAAT
for_GGG_24193-24194-24195,AGTATCTTTTTGAAAGTTAAAGTACATGAA(AAT/GGG)GTAGAAAAAGAAACAGCAAAAAGTCCTGCA
for_GGG_24202-24203-24204,TTGAAAGTTAAAGTACATGAAAATGTAGAA(AAA/GGG)GAAACAGCAAAAAGTCCTGCAACTTGTTAC
for_GGG_24208-24209-24210,GTTAAAGTACATGAAAATGTAGAAAAAGAA(ACA/GGG)GCAAAAAGTCCTGCAACTTGTTACACAAAT
for_GGG_24217-24218-24219,CATGAAAATGTAGAAAAAGAAACAGCAAAA(AGT/GGG)CCTGCAACTTGTTACACAAATCAGTCCCCT
for_GGG_24265-24266-24267,ACAAATCAGTCCCCTTATTCAGTCATTGAA(AAT/GGG)TCAGCCTTAGCTTTTTACACAAGTTGTAGT
for_GGG_24304-24305-24306,TTAGCTTTTTACACAAGTTGTAGTAGAAAA(ACT/GGG)TCTGTGAGTCAGACTTCATTACTTGAAGCA
for_GGG_24340-24341-24342,GTGAGTCAGACTTCATTACTTGAAGCAAAA(AAA/GGG)TGGCTTAGAGAAGGAATATTTGATGGTCAA
for_GGG_24379-24380-24381,AGAGAAGGAATATTTGATGGTCAACCAGAA(AGA/GGG)ATAAATACTGCAGATTATGTAGGAAATTAT
for_GGG_24421-24422-24423,GCAGATTATGTAGGAAATTATTTGTATGAA(AAT/GGG)AATTCAAACAGTACTATAGCTGAAAATGAC
for_GGG_24448-24449-24450,GAAAATAATTCAAACAGTACTATAGCTGAA(AAT/GGG)GACAAAAATCATCTCTCCGAAAAACAAGAT
for_GGG_24457-24458-24459,TCAAACAGTACTATAGCTGAAAATGACAAA(AAT/GGG)CATCTCTCCGAAAAACAAGATACTTATTTA
for_GGG_24472-24473-24474,GCTGAAAATGACAAAAATCATCTCTCCGAA(AAA/GGG)CAAGATACTTATTTAAGTAACAGTAGCATG
for_GGG_24565-24566-24567,GTATATAATGATTCAGGATATCTCTCAAAA(AAT/GGG)AAACTTGATTCTGGTATTGAGCCAGTATTG
for_GGG_24616-24617-24618,GAGCCAGTATTGAAGAATGTTGAAGATCAA(AAA/GGG)AACACTAGTTTTTCCAAAGTAATATCCAAT
for_GGG_24619-24620-24621,CCAGTATTGAAGAATGTTGAAGATCAAAAA(AAC/GGG)ACTAGTTTTTCCAAAGTAATATCCAATGTA
for_GGG_24676-24677-24678,AATGTAAAAGATGCAAATGCATACCCACAA(ACT/GGG)GTAAATGAAGATATTTGCGTTGAGGAACTT
for_GGG_24733-24734-24735,GAACTTGTGACTAGCTCTTCACCCTGCAAA(AAT/GGG)AAAAATGCAGCCATTAAATTGTCCATATCT
for_GGG_24739-24740-24741,GTGACTAGCTCTTCACCCTGCAAAAATAAA(AAT/GGG)GCAGCCATTAAATTGTCCATATCTAATAGT
for_GGG_24820-24821-24822,CCACCTGCATTTAGGATAGCCAGTGGTAAA(ATC/GGG)GTTTGTGTTTCACATGAAACAATTAAAAAA
for_GGG_24841-24842-24843,AGTGGTAAAATCGTTTGTGTTTCACATGAA(ACA/GGG)ATTAAAAAAGTGAAAGACATATTTACAGAC
for_GGG_24850-24851-24852,ATCGTTTGTGTTTCACATGAAACAATTAAA(AAA/GGG)GTGAAAGACATATTTACAGACAGTTTCAGT
for_GGG_24898-24899-24900,ACAGACAGTTTCAGTAAAGTAATTAAGGAA(AAC/GGG)AACGAGAATAAATCAAAAATTTGCCAAACG
for_GGG_24919-24920-24921,ATTAAGGAAAACAACGAGAATAAATCAAAA(ATT/GGG)TGCCAAACGAAAATTATGGCAGGTTGTTAC
for_GGG_24928-24929-24930,AACAACGAGAATAAATCAAAAATTTGCCAA(ACG/GGG)AAAATTATGGCAGGTTGTTACGAGGCATTG
for_GGG_24934-24935-24936,GAGAATAAATCAAAAATTTGCCAAACGAAA(ATT/GGG)ATGGCAGGTTGTTACGAGGCATTGGATGAT
for_GGG_25054-25055-25056,AAGGTTTTTGCTGACATTCAGAGTGAAGAA(ATT/GGG)TTACAACATAACCAAAATATGTCTGGATTG
for_GGG_25072-25073-25074,CAGAGTGAAGAAATTTTACAACATAACCAA(AAT/GGG)ATGTCTGGATTGGAGAAAGTTTCTAAAATA
for_GGG_25102-25103-25104,AATATGTCTGGATTGGAGAAAGTTTCTAAA(ATA/GGG)TCACCTTGTGATGTTAGTTTGGAAACTTCA
for_GGG_25129-25130-25131,AAAATATCACCTTGTGATGTTAGTTTGGAA(ACT/GGG)TCAGATATATGTAAATGTAGTATAGGGAAG
for_GGG_25252-25253-25254,TCTGTCCAGGTATCAGATGCTTCATTACAA(AAC/GGG)GCAAGACAAGTGTTTTCTGAAATAGAAGAT
for_GGG_25276-25277-25278,TTACAAAACGCAAGACAAGTGTTTTCTGAA(ATA/GGG)GAAGATAGTACCAAGCAAGTCTTTTCCAAA
for_GGG_25321-25322-25323,AAGCAAGTCTTTTCCAAAGTATTGTTTAAA(AGT/GGG)AACGAACATTCAGACCAGCTCACAAGAGAA
for_GGG_25357-25358-25359,GAACATTCAGACCAGCTCACAAGAGAAGAA(AAT/GGG)ACTGCTATACGTACTCCAGAACATTTAATA
for_GGG_25396-25397-25398,ATACGTACTCCAGAACATTTAATATCCCAA(AAA/GGG)GGCTTTTCATATAATGTGGTAAATTCATCT
for_GGG_25480-25481-25482,GCAAGTGGAAAGCAAGTTTCCATTTTAGAA(AGT/GGG)TCCTTACACAAAGTTAAGGGAGTGTTAGAG
for_GGG_25570-25571-25572,AGTCTTCACTATTCACCTACGTCTAGACAA(AAT/GGG)GTATCAAAAATACTTCCTCGTGTTGATAAG
for_GGG_25582-25583-25584,TCACCTACGTCTAGACAAAATGTATCAAAA(ATA/GGG)CTTCCTCGTGTTGATAAGAGAAACCCAGAG
for_GGG_25633-25634-25635,AGAAACCCAGAGCACTGTGTAAACTCAGAA(ATG/GGG)GAAAAAACCTGCAGTAAAGAATTTAAATTA
for_GGG_25639-25640-25641,CCAGAGCACTGTGTAAACTCAGAAATGGAA(AAA/GGG)ACCTGCAGTAAAGAATTTAAATTATCAAAT
for_GGG_25642-25643-25644,GAGCACTGTGTAAACTCAGAAATGGAAAAA(ACC/GGG)TGCAGTAAAGAATTTAAATTATCAAATAAC
for_GGG_25702-25703-25704,AACTTAAATGTTGAAGGTGGTTCTTCAGAA(AAT/GGG)AATCACTCTATTAAAGTTTCTCCATATCTC
for_GGG_25834-25835-25836,GTTTTGGGAAAAGAACAGGCTTCACCTAAA(AAC/GGG)GTAAAAATGGAAATTGGTAAAACTGAAACT
for_GGG_25843-25844-25845,AAAGAACAGGCTTCACCTAAAAACGTAAAA(ATG/GGG)GAAATTGGTAAAACTGAAACTTTTTCTGAT
for_GGG_25849-25850-25851,CAGGCTTCACCTAAAAACGTAAAAATGGAA(ATT/GGG)GGTAAAACTGAAACTTTTTCTGATGTTCCT
for_GGG_25858-25859-25860,CCTAAAAACGTAAAAATGGAAATTGGTAAA(ACT/GGG)GAAACTTTTTCTGATGTTCCTGTGAAAACA
for_GGG_25864-25865-25866,AACGTAAAAATGGAAATTGGTAAAACTGAA(ACT/GGG)TTTTCTGATGTTCCTGTGAAAACAAATATA
for_GGG_25888-25889-25890,ACTGAAACTTTTTCTGATGTTCCTGTGAAA(ACA/GGG)AATATAGAAGTTTGTTCTACTTACTCCAAA
for_GGG_25930-25931-25932,GTTTGTTCTACTTACTCCAAAGATTCAGAA(AAC/GGG)TACTTTGAAACAGAAGCAGTAGAAATTGCT
for_GGG_25942-25943-25944,TACTCCAAAGATTCAGAAAACTACTTTGAA(ACA/GGG)GAAGCAGTAGAAATTGCTAAAGCTTTTATG
for_GGG_25957-25958-25959,GAAAACTACTTTGAAACAGAAGCAGTAGAA(ATT/GGG)GCTAAAGCTTTTATGGAAGATGATGAACTG
for_GGG_26044-26045-26046,GCCACACATTCTCTTTTTACATGTCCCGAA(AAT/GGG)GAGGAAATGGTTTTGTCAAATTCAAGAATT
for_GGG_26053-26054-26055,TCTCTTTTTACATGTCCCGAAAATGAGGAA(ATG/GGG)GTTTTGTCAAATTCAAGAATTGGAAAAAGA
for_GGG_26083-26084-26085,ATGGTTTTGTCAAATTCAAGAATTGGAAAA(AGA/GGG)AGAGGAGAGCCCCTTATCTTAGTGGGTAAG
for_GGG_21229-21230-21231,AAAAGAAGCTGTTCACAGAATGATTCTGAAG(AA/GG)CCAACTTTGTCCTTAACTAGCTCTTTTGGG
for_GGG_21337-21338-21339,ACAGTAATCTCTCAGGATCTTGATTATAAAG(AA/GG)GCAAAATGTAATAAGGAAAAACTACAGTTA
for_GGG_21340-21341-21342,GTAATCTCTCAGGATCTTGATTATAAAGAAG(CA/GG)AAATGTAATAAGGAAAAACTACAGTTATTT
for_GGG_21385-21386-21387,GAAAAACTACAGTTATTTATTACCCCAGAAG(CT/GG)GATTCTCTGTCATGCCTGCAGGAAGGACAG
for_GGG_21412-21413-21414,GAAGCTGATTCTCTGTCATGCCTGCAGGAAGG(A/G)CAGTGTGAAAATGATCCAAAAAGCAAAAAA
for_GGG_21445-21446-21447,CAGTGTGAAAATGATCCAAAAAGCAAAAAAG(TT/GG)TCAGATATAAAAGAAGAGGTCTTGGCTGCA
for_GGG_21460-21461-21462,CCAAAAAGCAAAAAAGTTTCAGATATAAAAG(AA/GG)GAGGTCTTGGCTGCAGCATGTCACCCAGTA
for_GGG_21463-21464-21465,AAAAGCAAAAAAGTTTCAGATATAAAAGAAG(A/G)GGTCTTGGCTGCAGCATGTCACCCAGTACAA
for_GGG_21505-21506-21507,GCAGCATGTCACCCAGTACAACATTCAAAAG(T/G)GGAATACAGTGATACTGACTTTCAATCCCAG
for_GGG_21637-21638-21639,TCAAACCTAGTCATGATTTCTAGAGGCAAAG(AA/GG)TCATACAAAATGTCAGACAAGCTCAAAGGT
for_GGG_21667-21668-21669,GAATCATACAAAATGTCAGACAAGCTCAAAGG(T/G)AACAATTATGAATCTGATGTTGAATTAACC
for_GGG_21727-21728-21729,ACCAAAAATATTCCCATGGAAAAGAATCAAG(AT/GG)GTATGTGCTTTAAATGAAAATTATAAAAAC
for_GGG_21862-21863-21864,ACAAATCTAAGAGTAATCCAAAAAAATCAAG(AA/GG)GAAACTACTTCAATTTCAAAAATAACTGTC
for_GGG_21865-21866-21867,AATCTAAGAGTAATCCAAAAAAATCAAGAAG(AA/GG)ACTACTTCAATTTCAAAAATAACTGTCAAT
for_GGG_21910-21911-21912,TCAAAAATAACTGTCAATCCAGACTCTGAAG(AA/GG)CTTTTCTCAGACAATGAGAATAATTTTGTC
for_GGG_21949-21950-21951,TCAGACAATGAGAATAATTTTGTCTTCCAAG(TA/GG)GCTAATGAAAGGAATAATCTTGCTTTAGGA
for_GGG_22081-22082-22083,GTTTTATATGGAGACACAGGTGATAAACAAG(CA/GG)ACCCAAGTGTCAATTAAAAAAGATTTGGTT
for_GGG_22090-22091-22092,GGAGACACAGGTGATAAACAAGCAACCCAAG(T/G)GTCAATTAAAAAAGATTTGGTTTATGTTCTT
for_GGG_22105-22106-22107,AAACAAGCAACCCAAGTGTCAATTAAAAAAG(AT/GG)TTGGTTTATGTTCTTGCAGAGGAGAACAAA
for_GGG_22177-22178-22179,AAGCAGCATATAAAAATGACTCTAGGTCAAG(AT/GG)TTAAAATCGGACATCTCCTTGAATATAGAT
for_GGG_22366-22367-22368,AACATTAAGAAGAGCAAAATGTTCTTCAAAG(AT/GG)ATTGAAGAACAATATCCTACTAGTTTAGCT
for_GGG_22375-22376-22377,AAGAGCAAAATGTTCTTCAAAGATATTGAAG(AA/GG)CAATATCCTACTAGTTTAGCTTGTGTTGAA
for_GGG_22627-22628-22629,GAAATTACAGAACTTTCTACTATATTAGAAG(AA/GG)TCAGGAAGTCAGTTTGAATTTACTCAGTTT
for_GGG_22699-22700-22701,AGCTACATATTGCAGAAGAGTACATTTGAAG(T/G)GCCTGAAAACCAGATGACTATCTTAAAGACC
for_GGG_22819-22820-22821,GGTCAGGTAGACAGCAGCAAGCAATTTGAAGG(T/G)ACAGTTGAAATTAAACGGAAGTTTGCTGGC
for_GGG_22909-22910-22911,GCTTCTGGTTATTTAACAGATGAAAATGAAG(T/G)GGGGTTTAGGGGCTTTTATTCTGCTCATGGC
for_GGG_22966-22967-22968,CATGGCACAAAACTGAATGTTTCTACTGAAG(CT/GG)CTGCAAAAAGCTGTGAAACTGTTTAGTGAT
for_GGG_22978-22979-22980,CTGAATGTTTCTACTGAAGCTCTGCAAAAAG(CT/GG)GTGAAACTGTTTAGTGATATTGAGAATATT
for_GGG_23191-23192-23193,ATTGAAATGACTACTGGCACTTTTGTTGAAG(AA/GG)ATTACTGAAAATTACAAGAGAAATACTGAA
for_GGG_23230-23231-23232,GAAAATTACAAGAGAAATACTGAAAATGAAG(AT/GG)AACAAATATACTGCTGCCAGTAGAAATTCT
for_GGG_23323-23324-23325,AGTAAAAATGATACTGTTTGTATTCATAAAG(AT/GG)GAAACGGACTTGCTATTTACTGATCAGCAC
for_GGG_23413-23414-23415,TTTATGAAGGAGGGAAACACTCAGATTAAAG(AA/GG)GATTTGTCAGATTTAACTTTTTTGGAAGTT
for_GGG_23416-23417-23418,ATGAAGGAGGGAAACACTCAGATTAAAGAAG(AT/GG)TTGTCAGATTTAACTTTTTTGGAAGTTGCG
for_GGG_23443-23444-23445,GAAGATTTGTCAGATTTAACTTTTTTGGAAG(TT/GG)GCGAAAGCTCAAGAAGCATGTCATGGTAAT
for_GGG_23452-23453-23454,TCAGATTTAACTTTTTTGGAAGTTGCGAAAG(CT/GG)CAAGAAGCATGTCATGGTAATACTTCAAAT
for_GGG_23458-23459-23460,TTAACTTTTTTGGAAGTTGCGAAAGCTCAAG(AA/GG)GCATGTCATGGTAATACTTCAAATAAAGAA
for_GGG_23461-23462-23463,ACTTTTTTGGAAGTTGCGAAAGCTCAAGAAG(CA/GG)TGTCATGGTAATACTTCAAATAAAGAACAG
for_GGG_23488-23489-23490,GAAGCATGTCATGGTAATACTTCAAATAAAG(AA/GG)CAGTTAACTGCTACTAAAACGGAGCAAAAT
for_GGG_23527-23528-23529,ACTGCTACTAAAACGGAGCAAAATATAAAAG(AT/GG)TTTGAGACTTCTGATACATTTTTTCAGACT
for_GGG_23590-23591-23592,GCAAGTGGGAAAAATATTAGTGTCGCCAAAG(A/G)GTCATTTAATAAAATTGTAAATTTCTTTGAT
for_GGG_23635-23636-23637,ATTGTAAATTTCTTTGATCAGAAACCAGAAG(AA/GG)TTGCATAACTTTTCCTTAAATTCTGAATTA
for_GGG_23746-23747-23748,ACAGACATAGTTAAACACAAAATACTGAAAG(AA/GG)AGTGTCCCAGTTGGTACTGGAAATCAACTA
for_GGG_23821-23822-23823,GGACAACCCGAACGTGATGAAAAGATCAAAG(AA/GG)CCTACTCTATTGGGTTTTCATACAGCTAGC
for_GGG_23863-23864-23865,TTGGGTTTTCATACAGCTAGCGGGAAAAAAG(TT/GG)AAAATTGCAAAGGAATCTTTGGACAAAGTG
for_GGG_23893-23894-23895,GTTAAAATTGCAAAGGAATCTTTGGACAAAG(T/G)GAAAAACCTTTTTGATGAAAAAGAGCAAGGT
for_GGG_23917-23918-23919,GACAAAGTGAAAAACCTTTTTGATGAAAAAG(A/G)GCAAGGTACTAGTGAAATCACCAGTTTTAGC
for_GGG_23923-23924-23925,GTGAAAAACCTTTTTGATGAAAAAGAGCAAGG(T/G)ACTAGTGAAATCACCAGTTTTAGCCATCAA
for_GGG_23992-23993-23994,AAGACCCTAAAGTACAGAGAGGCCTGTAAAG(AC/GG)CTTGAATTAGCATGTGAGACCATTGAGATC
for_GGG_24046-24047-24048,ATTGAGATCACAGCTGCCCCAAAGTGTAAAG(AA/GG)ATGCAGAATTCTCTCAATAATGATAAAAAC
for_GGG_24178-24179-24180,CTCAAAACATCAAAAAGTATCTTTTTGAAAG(TT/GG)AAAGTACATGAAAATGTAGAAAAAGAAACA
for_GGG_24184-24185-24186,ACATCAAAAAGTATCTTTTTGAAAGTTAAAG(TA/GG)CATGAAAATGTAGAAAAAGAAACAGCAAAA
for_GGG_24205-24206-24207,AAAGTTAAAGTACATGAAAATGTAGAAAAAG(AA/GG)ACAGCAAAAAGTCCTGCAACTTGTTACACA
for_GGG_24334-24335-24336,ACTTCTGTGAGTCAGACTTCATTACTTGAAG(CA/GG)AAAAAATGGCTTAGAGAAGGAATATTTGAT
for_GGG_24355-24356-24357,TTACTTGAAGCAAAAAAATGGCTTAGAGAAGG(A/G)ATATTTGATGGTCAACCAGAAAGAATAAAT
for_GGG_24478-24479-24480,AATGACAAAAATCATCTCTCCGAAAAACAAG(AT/GG)ACTTATTTAAGTAACAGTAGCATGTCTAAC
for_GGG_24610-24611-24612,GGTATTGAGCCAGTATTGAAGAATGTTGAAG(AT/GG)CAAAAAAACACTAGTTTTTCCAAAGTAATA
for_GGG_24637-24638-24639,GAAGATCAAAAAAACACTAGTTTTTCCAAAG(TA/GG)ATATCCAATGTAAAAGATGCAAATGCATAC
for_GGG_24655-24656-24657,AGTTTTTCCAAAGTAATATCCAATGTAAAAG(AT/GG)GCAAATGCATACCCACAAACTGTAAATGAA
for_GGG_24688-24689-24690,GCAAATGCATACCCACAAACTGTAAATGAAG(AT/GG)ATTTGCGTTGAGGAACTTGTGACTAGCTCT
for_GGG_24853-24854-24855,GTTTGTGTTTCACATGAAACAATTAAAAAAG(T/G)GAAAGACATATTTACAGACAGTTTCAGTAAA
for_GGG_24859-24860-24861,GTTTCACATGAAACAATTAAAAAAGTGAAAG(AC/GG)ATATTTACAGACAGTTTCAGTAAAGTAATT
for_GGG_24886-24887-24888,AAAGACATATTTACAGACAGTTTCAGTAAAG(TA/GG)ATTAAGGAAAACAACGAGAATAAATCAAAA
for_GGG_25051-25052-25053,CATAAGGTTTTTGCTGACATTCAGAGTGAAG(AA/GG)ATTTTACAACATAACCAAAATATGTCTGGA
for_GGG_25093-25094-25095,CATAACCAAAATATGTCTGGATTGGAGAAAG(TT/GG)TCTAAAATATCACCTTGTGATGTTAGTTTG
for_GGG_25264-25265-25266,TCAGATGCTTCATTACAAAACGCAAGACAAG(T/G)GTTTTCTGAAATAGAAGATAGTACCAAGCAA
for_GGG_25282-25283-25284,AACGCAAGACAAGTGTTTTCTGAAATAGAAG(AT/GG)AGTACCAAGCAAGTCTTTTCCAAAGTATTG
for_GGG_25297-25298-25299,TTTTCTGAAATAGAAGATAGTACCAAGCAAG(TC/GG)TTTTCCAAAGTATTGTTTAAAAGTAACGAA
for_GGG_25309-25310-25311,GAAGATAGTACCAAGCAAGTCTTTTCCAAAG(TA/GG)TTGTTTAAAAGTAACGAACATTCAGACCAG
for_GGG_25354-25355-25356,AACGAACATTCAGACCAGCTCACAAGAGAAG(AA/GG)AATACTGCTATACGTACTCCAGAACATTTA
for_GGG_25399-25400-25401,CGTACTCCAGAACATTTAATATCCCAAAAAGG(C/G)TTTTCATATAATGTGGTAAATTCATCTGCT
for_GGG_25465-25466-25467,TCTGGATTTAGTACAGCAAGTGGAAAGCAAG(TT/GG)TCCATTTTAGAAAGTTCCTTACACAAAGTT
for_GGG_25495-25496-25497,GTTTCCATTTTAGAAAGTTCCTTACACAAAG(TT/GG)AAGGGAGTGTTAGAGGAATTTGATTTAATC
for_GGG_25654-25655-25656,AACTCAGAAATGGAAAAAACCTGCAGTAAAG(AA/GG)TTTAAATTATCAAATAACTTAAATGTTGAA
for_GGG_25687-25688-25689,TTTAAATTATCAAATAACTTAAATGTTGAAGG(T/G)GGTTCTTCAGAAAATAATCACTCTATTAAA
for_GGG_25720-25721-25722,GGTTCTTCAGAAAATAATCACTCTATTAAAG(TT/GG)TCTCCATATCTCTCTCAATTTCAACAAGAC
for_GGG_25750-25751-25752,GTTTCTCCATATCTCTCTCAATTTCAACAAG(AC/GG)AAACAACAGTTGGTATTAGGAACCAAAGTG
for_GGG_25780-25781-25782,GACAAACAACAGTTGGTATTAGGAACCAAAG(T/G)GTCACTTGTTGAGAACATTCATGTTTTGGGA
for_GGG_25816-25817-25818,CTTGTTGAGAACATTCATGTTTTGGGAAAAG(AA/GG)CAGGCTTCACCTAAAAACGTAAAAATGGAA
for_GGG_25900-25901-25902,TCTGATGTTCCTGTGAAAACAAATATAGAAG(TT/GG)TGTTCTACTTACTCCAAAGATTCAGAAAAC
for_GGG_25921-25922-25923,AATATAGAAGTTTGTTCTACTTACTCCAAAG(AT/GG)TCAGAAAACTACTTTGAAACAGAAGCAGTA
for_GGG_25948-25949-25950,AAAGATTCAGAAAACTACTTTGAAACAGAAG(CA/GG)GTAGAAATTGCTAAAGCTTTTATGGAAGAT
for_GGG_25966-25967-25968,TTTGAAACAGAAGCAGTAGAAATTGCTAAAG(CT/GG)TTTATGGAAGATGATGAACTGACAGATTCT
for_GGG_25978-25979-25980,GCAGTAGAAATTGCTAAAGCTTTTATGGAAG(AT/GG)GATGAACTGACAGATTCTAAACTGCCAAGT
for_GGG_29489-29490-29491,TATTTCTTTTTAGGAGAACCCTCAATCAAA(AGA/GGG)AACTTATTAAATGAATTTGACAGGATAATA
for_GGG_29525-29526-29527,TTATTAAATGAATTTGACAGGATAATAGAA(AAT/GGG)CAAGAAAAATCCTTAAAGGCTTCAAAAAGC
for_GGG_29534-29535-29536,GAATTTGACAGGATAATAGAAAATCAAGAA(AAA/GGG)TCCTTAAAGGCTTCAAAAAGCACTCCAGAT
for_GGG_29555-29556-29557,AATCAAGAAAAATCCTTAAAGGCTTCAAAA(AGC/GGG)ACTCCAGATGGTAAAATTAGCTTTTTATTT
for_GGG_29531-29532-29533,AATGAATTTGACAGGATAATAGAAAATCAAG(AA/GG)AAATCCTTAAAGGCTTCAAAAAGCACTCCA
for_GGG_31749-31750-31751,ATATAAAATAATTGTTTCCTAGGCACAATA(AAA/GGG)GATCGAAGATTGTTTATGCATCATGTTTCT
for_GGG_31758-31759-31760,AATTGTTTCCTAGGCACAATAAAAGATCGA(AGA/GGG)TTGTTTATGCATCATGTTTCTTTAGAGCCG
for_GGG_39842-39843-39844,TTTACCGCACCTGGTCAAGAATTTCTGTCT(AAA/GGG)TCTCATTTGTATGAACATCTGACTTTGGAA
for_GGG_39875-39876-39877,TCTCATTTGTATGAACATCTGACTTTGGAA(AAA/GGG)TCTTCAAGCAATTTAGCAGTTTCAGGACAT
for_GGG_39941-39942-39943,TTTTATCAAGTTTCTGCTACAAGAAATGAA(AAA/GGG)ATGAGACACTTGATTACTACAGGCAGACCA
for_GGG_39977-39978-39979,AGACACTTGATTACTACAGGCAGACCAACC(AAA/GGG)GTCTTTGTTCCACCTTTTAAAACTAAATCA
for_GGG_39998-39999-40000,AGACCAACCAAAGTCTTTGTTCCACCTTTT(AAA/GGG)ACTAAATCACATTTTCACAGAGTTGAACAG
for_GGG_40004-40005-40006,ACCAAAGTCTTTGTTCCACCTTTTAAAACT(AAA/GGG)TCACATTTTCACAGAGTTGAACAGTGTGTT
for_GGG_40103-40104-40105,AACATTGATGGACATGGCTCTGATGATAGT(AAA/GGG)AATAAGATTAATGACAATGAGATTCATCAG
for_GGG_40142-40143-40144,ATTAATGACAATGAGATTCATCAGTTTAAC(AAA/GGG)AACAACTCCAATCAAGCAGTAGCTGTAACT
for_GGG_39782-39783-39784,TATATATTTTCTCCCCATTGCAGCACAACT(AAG/GGG)GAACGTCAAGAGATACAGAATCCAAATTTT
for_GGG_40067-40068-40069,AGGAATATTAACTTGGAGGAAAACAGACAA(AAG/GGG)CAAAACATTGATGGACATGGCTCTGATGAT
for_GGG_40109-40110-40111,GATGGACATGGCTCTGATGATAGTAAAAAT(AAG/GGG)ATTAATGACAATGAGATTCATCAGTTTAAC
for_GGG_40181-40182-40183,TCCAATCAAGCAGTAGCTGTAACTTTCACA(AAG/GGG)TGTGAAGAAGAACCTTTAGGTATTGTATGA
for_GGG_41398-41399-41400,AGAGATATACAGGATATGCGAATTAAGAAG(AAA/GGG)CAAAGGCAACGCGTCTTTCCACAGCCAGGC
for_GGG_41446-41447-41448,TTTCCACAGCCAGGCAGTCTGTATCTTGCA(AAA/GGG)ACATCCACTCTGCCTCGAATCTCTCTGAAA
for_GGG_41476-41477-41478,AAAACATCCACTCTGCCTCGAATCTCTCTG(AAA/GGG)GCAGCAGTAGGAGGCCAAGTTCCCTCTGCG
for_GGG_41518-41519-41520,GGAGGCCAAGTTCCCTCTGCGTGTTCTCAT(AAA/GGG)CAGGTATGTGTTTGTCTACAATACTGATGG
for_GGG_41392-41393-41394,AATGCCAGAGATATACAGGATATGCGAATT(AAG/GGG)AAGAAACAAAGGCAACGCGTCTTTCCACAG
for_GGG_41395-41396-41397,GCCAGAGATATACAGGATATGCGAATTAAG(AAG/GGG)AAACAAAGGCAACGCGTCTTTCCACAGCCA
for_GGG_42689-42690-42691,TATACGTATGGCGTTTCTAAACATTGCATA(AAA/GGG)ATTAACAGCAAAAATGCAGAGTCTTTTCAG
for_GGG_42704-42705-42706,TCTAAACATTGCATAAAAATTAACAGCAAA(AAT/GGG)GCAGAGTCTTTTCAGTTTCACACTGAAGAT
for_GGG_42767-42768-42769,TATTTTGGTAAGGAAAGTTTATGGACTGGA(AAA/GGG)GGAATACAGTTGGCTGATGGTGGATGGCTC
for_GGG_42818-42819-42820,GGTGGATGGCTCATACCCTCCAATGATGGA(AAG/GGG)GCTGGAAAAGAAGAATTTTATAGGTACTCT
for_GGG_42827-42828-42829,CTCATACCCTCCAATGATGGAAAGGCTGGA(AAA/GGG)GAAGAATTTTATAGGTACTCTATGCAAAAA
for_GGG_42752-42753-42754,TTTCACACTGAAGATTATTTTGGTAAGGAA(AGT/GGG)TTATGGACTGGAAAAGGAATACAGTTGGCT
for_GGG_47468-47469-47470,GCTCTGTGTGACACTCCAGGTGTGGATCCA(AAG/GGG)CTTATTTCTAGAATTTGGGTTTATAATCAC
for_GGG_47600-47601-47602,CTAAGCCCAGAAAGGGTGCTTCTTCAACTA(AAA/GGG)TACAGGCAAGTTTAAAGCATTACATTACGT
for_GGG_47573-47574-47575,TTTCCTAAGGAATTTGCTAATAGATGCCTA(AGC/GGG)CCAGAAAGGGTGCTTCTTCAACTAAAATAC
for_GGG_47582-47583-47584,GAATTTGCTAATAGATGCCTAAGCCCAGAA(A/G)GGGTGCTTCTTCAACTAAAATACAGGCAAGTT
for_GGG_48133-48134-48135,GAAATTGATAGAAGCAGAAGATCGGCTATA(AAA/GGG)AAGATAATGGAAAGGGATGACACAGCTGCA
for_GGG_48166-48167-48168,AAGATAATGGAAAGGGATGACACAGCTGCA(AAA/GGG)ACACTTGTTCTCTGTGTTTCTGACATAATT
for_GGG_48235-48236-48237,AGCGCAAATATATCTGAAACTTCTAGCAAT(AAA/GGG)ACTAGTAGTGCAGATACCCAAAAAGTGGCC
for_GGG_48259-48260-48261,AGCAATAAAACTAGTAGTGCAGATACCCAA(AAA/GGG)GTGGCCATTATTGAACTTACAGATGGGTGG
for_GGG_48136-48137-48138,ATTGATAGAAGCAGAAGATCGGCTATAAAA(AAG/GGG)ATAATGGAAAGGGATGACACAGCTGCAAAA
for_GGG_48301-48302-48303,ATTGAACTTACAGATGGGTGGTATGCTGTT(AAG/GGG)GCCCAGTTAGATCCTCCCCTCTTAGCTGTC
for_GGG_48337-48338-48339,CAGTTAGATCCTCCCCTCTTAGCTGTCTTA(AAG/GGG)AATGGCAGACTGACAGTTGGTCAGAAGATT
for_GGG_48364-48365-48366,TTAAAGAATGGCAGACTGACAGTTGGTCAG(AAG/GGG)ATTATTCTTCATGGAGCAGAACTGGTGGGC
for_GGG_48445-48446-48447,CCTCTTGAAGCCCCAGAATCTCTTATGTTA(AAG/GGG)GTAAATTAATTTGCACTCTTGGTAAAAATC
for_GGG_55355-55356-55357,AACAGTACTCGGCCTGCTCGCTGGTATACC(AAA/GGG)CTTGGATTCTTTCCTGACCCTAGACCTTTT
for_GGG_55915-55916-55917,TCATCTGGATTATACATATTTCGCAATGAA(AGA/GGG)GAGGAAGAAAAGGAAGCAGCAAAATATGTG
for_GGG_55927-55928-55929,TACATATTTCGCAATGAAAGAGAGGAAGAA(AAG/GGG)GAAGCAGCAAAATATGTGGAGGCCCAACAA
for_GGG_55960-55961-55962,GAAGCAGCAAAATATGTGGAGGCCCAACAA(AAG/GGG)AGACTAGAAGCCTTATTCACTAAAATTCAG
for_GGG_55987-55988-55989,CAAAAGAGACTAGAAGCCTTATTCACTAAA(ATT/GGG)CAGGAGGAATTTGAAGAACATGAAGGTAAA
for_GGG_55924-55925-55926,TTATACATATTTCGCAATGAAAGAGAGGAAG(AA/GG)AAGGAAGCAGCAAAATATGTGGAGGCCCAA
for_GGG_55933-55934-55935,TTTCGCAATGAAAGAGAGGAAGAAAAGGAAG(CA/GG)GCAAAATATGTGGAGGCCCAACAAAAGAGA
for_GGG_55972-55973-55974,TATGTGGAGGCCCAACAAAAGAGACTAGAAG(CC/GG)TTATTCACTAAAATTCAGGAGGAATTTGAA
for_GGG_56005-56006-56007,TTATTCACTAAAATTCAGGAGGAATTTGAAG(AA/GG)CATGAAGGTAAAATTAGTTATATGGTACAC
for_GGG_56014-59877-59878,GTAAAGGAAAAAGGTTTAATTGATTCACAGT(TC/GG)CACATGGCTGGGGAGGCCTCAGGAAACTTA
for_GGG_59902-59903-59904,ACAGTTCCACATGGCTGGGGAGGCCTCAGG(AAA/GGG)CTTACAATCATAGTGGAAGATGAAGGAGAA
for_GGG_60289-60290-60291,ACTTCCTCCACTGAAGTCTTGAACCCCCCA(AAG/GGG)TCATCCATGAGGGTTGGAATCAACTTCTGG
for_GGG_64279-64280-64281,CAGTTAAGAGCCTTGAATAATCACAGGCAA(ATG/GGG)TTGAATGATAAGAAACAAGCTCAGATCCAG
for_GGG_64318-64319-64320,GATAAGAAACAAGCTCAGATCCAGTTGGAA(ATT/GGG)AGGAAGGCCATGGAATCTGCTGAACAAAAG
for_GGG_64348-64349-64350,ATTAGGAAGGCCATGGAATCTGCTGAACAA(AAG/GGG)GAACAAGGTTTATCAAGGGATGTCACAACC
for_GGG_64414-64415-64416,TGGAAGTTGCGTATTGTAAGCTATTCAAAA(AAA/GGG)GAAAAAGATTCAGGTAAGTATGTAAATGCT
for_GGG_64420-64421-64422,TTGCGTATTGTAAGCTATTCAAAAAAAGAA(AAA/GGG)GATTCAGGTAAGTATGTAAATGCTTTGTTT
for_GGG_64246-64247-64248,CTTAAATGGTCACAGGGTTATTTCAGTGAAG(A/G)GCAGTTAAGAGCCTTGAATAATCACAGGCAA
for_GGG_64300-64301-64302,CACAGGCAAATGTTGAATGATAAGAAACAAG(CT/GG)CAGATCCAGTTGGAAATTAGGAAGGCCATG
for_GGG_64357-64358-64359,GCCATGGAATCTGCTGAACAAAAGGAACAAGG(T/G)TTATCAAGGGATGTCACAACCGTGTGGAAG
for_GGG_64417-64418-64419,AAGTTGCGTATTGTAAGCTATTCAAAAAAAG(AA/GG)AAAGATTCAGGTAAGTATGTAAATGCTTTG
for_GGG_64423-64424-64425,CGTATTGTAAGCTATTCAAAAAAAGAAAAAG(AT/GG)TCAGGTAAGTATGTAAATGCTTTGTTTTTA
for_GGG_64753-64754-64755,AGATACAGAATTTATCATCTTGCAACTTCA(AAA/GGG)TCTAAAAGTAAATCTGAAAGAGCTAACATA
for_GGG_64759-64760-64761,AGAATTTATCATCTTGCAACTTCAAAATCT(AAA/GGG)AGTAAATCTGAAAGAGCTAACATACAGTTA
for_GGG_64765-64766-64767,TATCATCTTGCAACTTCAAAATCTAAAAGT(AAA/GGG)TCTGAAAGAGCTAACATACAGTTAGCAGCG
for_GGG_64801-64802-64803,GAAAGAGCTAACATACAGTTAGCAGCGACA(AAA/GGG)AAAACTCAGTATCAACAACTACCGGTACAA
for_GGG_64804-64805-64806,AGAGCTAACATACAGTTAGCAGCGACAAAA(AAA/GGG)ACTCAGTATCAACAACTACCGGTACAAACC
for_GGG_64720-64721-64722,TCAGATTTATATTCTCTGTTAACAGAAGGA(AAG/GGG)AGATACAGAATTTATCATCTTGCAACTTCA
for_GGG_81896-81897-81898,GCAAATGATCCCAAGTGGTCCACCCCAACT(AAA/GGG)GACTGTACTTCAGGGCCGTACACTGCTCAA
for_GGG_81845-81846-81847,ATTGACATACTTTGCAATGAAGCAGAAAAC(AAG/GGG)CTTATGCATATACTGCATGCAAATGATCCC
for_GGG_81878-81879-81880,CTTATGCATATACTGCATGCAAATGATCCC(AAG/GGG)TGGTCCACCCCAACTAAAGACTGTACTTCA
for_GGG_81950-81951-81952,ACTGCTCAAATCATTCCTGGTACAGGAAAC(AAG/GGG)CTTCTGGTAAGTTAATGTAAACTCAAGGAA
for_GGG_83133-83134-83135,TATCAAAGTCCTTTATCACTTTGTATGGCC(AAA/GGG)AGGAAGTCTGTTTCCACACCTGTCTCAGCC
for_GGG_83187-83188-83189,GTCTCAGCCCAGATGACTTCAAAGTCTTGT(AAA/GGG)GGGGAGAAAGAGATTGATGACCAAAAGAAC
for_GGG_83196-83197-83198,CAGATGACTTCAAAGTCTTGTAAAGGGGAG(AAA/GGG)GAGATTGATGACCAAAAGAACTGCAAAAAG
for_GGG_83223-83224-83225,GAGAAAGAGATTGATGACCAAAAGAACTGC(AAA/GGG)AAGAGAAGAGCCTTGGATTTCTTGAGTAGA
for_GGG_83346-83347-83348,GCATTTCAGCCACCAAGGAGTTGTGGCACC(AAA/GGG)TACGAAACACCCATAAAGAAAAAAGAACTG
for_GGG_83367-83368-83369,TGTGGCACCAAATACGAAACACCCATAAAG(AAA/GGG)AAAGAACTGAATTCTCCTCAGATGACTCCA
for_GGG_83370-83371-83372,GGCACCAAATACGAAACACCCATAAAGAAA(AAA/GGG)GAACTGAATTCTCCTCAGATGACTCCATTT
for_GGG_83403-83404-83405,GAACTGAATTCTCCTCAGATGACTCCATTT(AAA/GGG)AAATTCAATGAAATTTCTCTTTTGGAAAGT
for_GGG_83406-83407-83408,CTGAATTCTCCTCAGATGACTCCATTTAAA(AAA/GGG)TTCAATGAAATTTCTCTTTTGGAAAGTAAT
for_GGG_83505-83506-83507,CAAGCTCTTTTGTCTGGTTCAACAGGAGAA(AAA/GGG)CAATTTATATCTGTCAGTGAATCCACTAGG
for_GGG_83574-83575-83576,CCCACCAGTTCAGAAGATTATCTCAGACTG(AAA/GGG)CGACGTTGTACTACATCTCTGATCAAAGAA
for_GGG_83601-83602-83603,CTGAAACGACGTTGTACTACATCTCTGATC(AAA/GGG)GAACAGGAGAGTTCCCAGGCCAGTACGGAA
for_GGG_83643-83644-83645,AGTTCCCAGGCCAGTACGGAAGAATGTGAG(AAA/GGG)AATAAGCAGGACACAATTACAACTAAAAAA
for_GGG_83670-83671-83672,GAGAAAAATAAGCAGGACACAATTACAACT(AAA/GGG)AAATATATCTAAGCATTTGCAAAGGCGACA
for_GGG_83673-83674-83675,AAAAATAAGCAGGACACAATTACAACTAAA(AAA/GGG)TATATCTAAGCATTTGCAAAGGCGACAATA
for_GGG_83139-83140-83141,AGTCCTTTATCACTTTGTATGGCCAAAAGG(AAG/GGG)TCTGTTTCCACACCTGTCTCAGCCCAGATG
for_GGG_83178-83179-83180,TCCACACCTGTCTCAGCCCAGATGACTTCA(AAG/GGG)TCTTGTAAAGGGGAGAAAGAGATTGATGAC
for_GGG_83214-83215-83216,TGTAAAGGGGAGAAAGAGATTGATGACCAA(AAG/GGG)AACTGCAAAAAGAGAAGAGCCTTGGATTTC
for_GGG_83226-83227-83228,AAAGAGATTGATGACCAAAAGAACTGCAAA(AAG/GGG)AGAAGAGCCTTGGATTTCTTGAGTAGACTG
for_GGG_83313-83314-83315,ATTTGTACATTTGTTTCTCCGGCTGCACAG(AAG/GGG)GCATTTCAGCCACCAAGGAGTTGTGGCACC
for_GGG_83364-83365-83366,AGTTGTGGCACCAAATACGAAACACCCATA(AAG/GGG)AAAAAAGAACTGAATTCTCCTCAGATGACT
for_GGG_83649-83650-83651,CAGGCCAGTACGGAAGAATGTGAGAAAAAT(AAG/GGG)CAGGACACAATTACAACTAAAAAATATATC
for_GGG_64933-64934-64935,TTGTTTTGTTTTCTGTAGGTTTCAGATGAA(ATT/GGG)TTATTTCAGATTTACCAGCCACGGGAGCCC
for_GGG_65053-65054-65055,CTAATAGGATTTGTCGTTTCTGTTGTGAAA(AAA/GGG)ACAGGTAATGCACAATATAGTTAATTTTTT
for_GGG_65056-65057-65058,ATAGGATTTGTCGTTTCTGTTGTGAAAAAA(ACA/GGG)GGTAATGCACAATATAGTTAATTTTTTTTA
for_GGG_68821-68822-68823,GGTATGTCCATTGCAGTGAGTTACCAGTGG(AAA/GGG)ATAGAGGACATGATCATTTAGGAAGAAAAC
for_GGG_79740-79741-79742,GCAAGCAACCTCCAGTGGCGACCAGAATCC(AAA/GGG)TCAGGCCTTCTTACTTTATTTGCTGGAGAT
for_GGG_79797-79798-79799,GGAGATTTTTCTGTGTTTTCTGCTAGTCCA(AAA/GGG)GAGGGCCACTTTCAAGAGACATTCAACAAA
for_GGG_79827-79828-79829,AAAGAGGGCCACTTTCAAGAGACATTCAAC(AAA/GGG)ATGAAAAATACTGTTGAGGTAAGGTTACTT
for_GGG_79833-79834-79835,GGCCACTTTCAAGAGACATTCAACAAAATG(AAA/GGG)AATACTGTTGAGGTAAGGTTACTTTTCAGC
for_GGG_79656-79657-79658,TCAGACGAATGTTACAATTTACTGGCAATA(AAG/GGG)TTTTGGATAGACCTTAATGAGGACATTATT
for_GGG_79689-79690-79691,TTTTGGATAGACCTTAATGAGGACATTATT(AAG/GGG)CCTCATATGTTAATTGCTGCAAGCAACCTC
for_GCC_1429-1430-1431,CCAACATTTTTTGAAATTTTTAAGACACGC(TGC/GCC)AACAAAGCAGGTATTGACAAATTTTATATA
for_GCC_1432-1433-1434,ACATTTTTTGAAATTTTTAAGACACGCTGC(AAC/GCC)AAAGCAGGTATTGACAAATTTTATATAACT
for_GCC_4008-4009-4010,TTTTTTTAAATAGATTTAGGACCAATAAGT(CTT/GCC)AATTGGTTTGAAGAACTTTCTTCAGAAGCT
for_GCC_11416-11417-11418,AAAATAAACTATTTTCTTTCCTCCCAGGGT(CGT/GCC)CAGACACCAAAACATATTTCTGAAAGTCTA
for_GCC_11419-11420-11421,ATAAACTATTTTCTTTCCTCCCAGGGTCGT(CAG/GCC)ACACCAAAACATATTTCTGAAAGTCTAGGA
for_GCC_11446-11447-11448,CGTCAGACACCAAAACATATTTCTGAAAGT(CTA/GCC)GGAGCTGAGGTGGATCCTGATATGTCTTGG
for_GCC_14404-14405-14406,TCTGAAACTGTATTTCCTCATGATACTACTGC(T/C)GTAAGTAAATATGACATTGATTAGACTGTT
for_GCC_14371-14372-14373,AATTTTTATCTTACAGTCAGAAATGAAGAAGC(A/C)TCTGAAACTGTATTTCCTCATGATACTACT
for_GCC_15845-15846-15847,AAACTATAATTTTTGCAGAATGTGAAAAGC(TAT/GCC)TTTTCCAATCATGATGAAAGTCTGAAGAAA
for_GCC_15869-15870-15871,AAAAGCTATTTTTCCAATCATGATGAAAGT(CTG/GCC)AAGAAAAATGATAGATTTATCGCTTCTGTG
for_GCC_15941-15942-15943,GAAAACACAAATCAAAGAGAAGCTGCAAGT(CAT/GCC)GGTAAGTCCTCTGTTTAGTTGAACTACAGG
for_GCC_17227-17228-17229,ACATCAGGGAATTCATTTAAAGTAAATAGC(TGC/GCC)AAAGACCACATTGGAAAGTCAATGCCAAAT
for_GCC_18031-18032-18033,GAAAGTGGACTGGAAATACATACTGTTTGC(TCA/GCC)CAGAAGGAGGACTCCTTATGTCCAAATTTA
for_GCC_18079-18080-18081,TTATGTCCAAATTTAATTGATAATGGAAGC(TGG/GCC)CCAGCCACCACCACACAGAATTCTGTAGCT
for_GCC_17230-17231-17232,TCAGGGAATTCATTTAAAGTAAATAGCTGC(AAA/GCC)GACCACATTGGAAAGTCAATGCCAAATGTC
for_GCC_17371-17372-17373,ACAAAAAATCTACAAAAAGTAAGAACTAGC(AAG/GCC)ACTAGGAAAAAAATTTTCCATGAAGCAAAC
for_GCC_17833-17834-17835,GAGCAGCATCTTGAATCTCATACAGACTGC(ATT/GCC)CTTGCAGTAAAGCAGGCAATATCTGGAACT
for_GCC_17746-17747-17748,TCAGAGAATTCTTTGCCACGTATTTCTAGC(CTA/GCC)CCAAAATCAGAGAAGCCATTAAATGAGGAA
for_GCC_17599-17600-17601,TGTGAATGGTCTCAACTAACCCTTTCAGGT(CTA/GCC)AATGGAGCCCAGATGGAGAAAATACCCCTA
for_GCC_17959-17960-17961,AAAGAGACTTTCAATGCAAGTTTTTCAGGT(CAT/GCC)ATGACTGATCCAAACTTTAAAAAAGAAACT
for_GCC_18055-18056-18057,GTTTGCTCACAGAAGGAGGACTCCTTATGT(CCA/GCC)AATTTAATTGATAATGGAAGCTGGCCAGCC
for_GCC_21208-21209-21210,GGTTTATTGCATTCTTCTGTGAAAAGAAGC(TGT/GCC)TCACAGAATGATTCTGAAGAACCAACTTTG
for_GCC_21253-21254-21255,TCTGAAGAACCAACTTTGTCCTTAACTAGC(TCT/GCC)TTTGGGACAATTCTGAGGAAATGTTCTAGA
for_GCC_22294-22295-22296,CCAATTTCAAATCACAGTTTTGGAGGTAGC(TTC/GCC)AGAACAGCTTCAAATAAGGAAATCAAGCTC
for_GCC_22672-22673-22674,TTTGAATTTACTCAGTTTAGAAAACCAAGC(TAC/GCC)ATATTGCAGAAGAGTACATTTGAAGTGCCT
for_GCC_22924-22925-22926,ACAGATGAAAATGAAGTGGGGTTTAGGGGC(TTT/GCC)TATTCTGCTCATGGCACAAAACTGAATGTT
for_GCC_24514-24515-24516,TATTTAAGTAACAGTAGCATGTCTAACAGC(TAT/GCC)TCCTACCATTCTGATGAGGTATATAATGAT
for_GCC_24718-24719-24720,GATATTTGCGTTGAGGAACTTGTGACTAGC(TCT/GCC)TCACCCTGCAAAAATAAAAATGCAGCCATT
for_GCC_25402-25403-25404,ACTCCAGAACATTTAATATCCCAAAAAGGC(TTT/GCC)TCATATAATGTGGTAAATTCATCTGCTTTC
for_GCC_21439-21440-21441,GAAGGACAGTGTGAAAATGATCCAAAAAGC(AAA/GCC)AAAGTTTCAGATATAAAAGAAGAGGTCTTG
for_GCC_21571-21572-21573,AGTCTTTTATATGATCATGAAAATGCCAGC(ACT/GCC)CTTATTTTAACTCCTACTTCCAAGGATGTT
for_GCC_21634-21635-21636,CTGTCAAACCTAGTCATGATTTCTAGAGGC(AAA/GCC)GAATCATACAAAATGTCAGACAAGCTCAAA
for_GCC_22351-22352-22353,AAGCTCTCTGAACATAACATTAAGAAGAGC(AAA/GCC)ATGTTCTTCAAAGATATTGAAGAACAATAT
for_GCC_22450-22451-22452,TTGGCATTAGATAATCAAAAGAAACTGAGC(AAG/GCC)CCTCAGTCAATTAATACTGTATCTGCACAT
for_GCC_22747-22748-22749,ACTATCTTAAAGACCACTTCTGAGGAATGC(AGA/GCC)GATGCTGATCTTCATGTCATAATGAATGCC
for_GCC_22804-22805-22806,AATGCCCCATCGATTGGTCAGGTAGACAGC(AGC/GCC)AAGCAATTTGAAGGTACAGTTGAAATTAAA
for_GCC_22807-22808-22809,GCCCCATCGATTGGTCAGGTAGACAGCAGC(AAG/GCC)CAATTTGAAGGTACAGTTGAAATTAAACGG
for_GCC_22942-22943-22944,GGGTTTAGGGGCTTTTATTCTGCTCATGGC(ACA/GCC)AAACTGAATGTTTCTACTGAAGCTCTGCAA
for_GCC_23179-23180-23181,TTACAAAATAATATTGAAATGACTACTGGC(ACT/GCC)TTTGTTGAAGAAATTACTGAAAATTACAAG
for_GCC_23284-23285-23286,AGAAATTCTCATAACTTAGAATTTGATGGC(AGT/GCC)GATTCAAGTAAAAATGATACTGTTTGTATT
for_GCC_24502-24503-24504,AAACAAGATACTTATTTAAGTAACAGTAGC(ATG/GCC)TCTAACAGCTATTCCTACCATTCTGATGAG
for_GCC_24730-24731-24732,GAGGAACTTGTGACTAGCTCTTCACCCTGC(AAA/GCC)AATAAAAATGCAGCCATTAAATTGTCCATA
for_GCC_25012-25013-25014,CATAACTCTCTAGATAATGATGAATGTAGC(ACG/GCC)CATTCACATAAGGTTTTTGCTGACATTCAG
for_GCC_25207-25208-25209,TCATCTGCAAATACTTGTGGGATTTTTAGC(ACA/GCC)GCAAGTGGAAAATCTGTCCAGGTATCAGAT
for_GCC_25648-25649-25650,TGTGTAAACTCAGAAATGGAAAAAACCTGC(AGT/GCC)AAAGAATTTAAATTATCAAATAACTTAAAT
for_GCC_23854-23855-23856,CCTACTCTATTGGGTTTTCATACAGCTAGCG(GG/CC)AAAAAAGTTAAAATTGCAAAGGAATCTTTG
for_GCC_24697-24698-24699,TACCCACAAACTGTAAATGAAGATATTTGCG(TT/CC)GAGGAACTTGTGACTAGCTCTTCACCCTGC
for_GCC_21403-21404-21405,ATTACCCCAGAAGCTGATTCTCTGTCATGC(CTG/GCC)CAGGAAGGACAGTGTGAAAATGATCCAAAA
for_GCC_22588-22589-22590,TTTAATTCAAACCATAATTTAACACCTAGC(CAA/GCC)AAGGCAGAAATTACAGAACTTTCTACTATA
for_GCC_22852-22853-22854,ACAGTTGAAATTAAACGGAAGTTTGCTGGC(CTG/GCC)TTGAAAAATGACTGTAACAAAAGTGCTTCT
for_GCC_23140-23141-23142,AAAACTGTAAGTGAAAAAAATAATAAATGC(CAA/GCC)CTGATATTACAAAATAATATTGAAATGACT
for_GCC_23380-23381-23382,CAGCACAACATATGTCTTAAATTATCTGGC(CAG/GCC)TTTATGAAGGAGGGAAACACTCAGATTAAA
for_GCC_23950-23951-23952,CAAGGTACTAGTGAAATCACCAGTTTTAGC(CAT/GCC)CAATGGGCAAAGACCCTAAAGTACAGAGAG
for_GCC_24925-24926-24927,GAAAACAACGAGAATAAATCAAAAATTTGC(CAA/GCC)ACGAAAATTATGGCAGGTTGTTACGAGGCA
for_GCC_21484-21485-21486,ATAAAAGAAGAGGTCTTGGCTGCAGCATGT(CAC/GCC)CCAGTACAACATTCAAAAGTGGAATACAGT
for_GCC_21544-21545-21546,AGTGATACTGACTTTCAATCCCAGAAAAGT(CTT/GCC)TTATATGATCATGAAAATGCCAGCACTCTT
for_GCC_22174-22175-22176,GTAAAGCAGCATATAAAAATGACTCTAGGT(CAA/GCC)GATTTAAAATCGGACATCTCCTTGAATATA
for_GCC_22264-22265-22266,TACATGAACAAATGGGCAGGACTCTTAGGT(CCA/GCC)ATTTCAAATCACAGTTTTGGAGGTAGCTTC
for_GCC_22522-22523-22524,AGTGTAGTTGTTTCTGATTGTAAAAATAGT(CAT/GCC)ATAACCCCTCAGATGTTATTTTCCAAGCAG
for_GCC_22639-22640-22641,CTTTCTACTATATTAGAAGAATCAGGAAGT(CAG/GCC)TTTGAATTTACTCAGTTTAGAAAACCAAGC
for_GCC_22792-22793-22794,CATGTCATAATGAATGCCCCATCGATTGGT(CAG/GCC)GTAGACAGCAGCAAGCAATTTGAAGGTACA
for_GCC_23065-23066-23067,CATCCAATAAGTTTATCTTCAAGTAAATGT(CAT/GCC)GATTCTGTTGTTTCAATGTTTAAGATAGAA
for_GCC_23365-23366-23367,TTGCTATTTACTGATCAGCACAACATATGT(CTT/GCC)AAATTATCTGGCCAGTTTATGAAGGAGGGA
for_GCC_23467-23468-23469,TTGGAAGTTGCGAAAGCTCAAGAAGCATGT(CAT/GCC)GGTAATACTTCAAATAAAGAACAGTTAACT
for_GCC_24220-24221-24222,GAAAATGTAGAAAAAGAAACAGCAAAAAGT(CCT/GCC)GCAACTTGTTACACAAATCAGTCCCCTTAT
for_GCC_24316-24317-24318,ACAAGTTGTAGTAGAAAAACTTCTGTGAGT(CAG/GCC)ACTTCATTACTTGAAGCAAAAAAATGGCTT
for_GCC_24370-24371-24372,AAATGGCTTAGAGAAGGAATATTTGATGGT(CAA/GCC)CCAGAAAGAATAAATACTGCAGATTATGTA
for_GCC_25543-25544-25545,GAATTTGATTTAATCAGAACTGAGCATAGT(CTT/GCC)CACTATTCACCTACGTCTAGACAAAATGTA
for_GCC_26011-26012-26013,GATGAACTGACAGATTCTAAACTGCCAAGT(CAT/GCC)GCCACACATTCTCTTTTTACATGTCCCGAA
for_GCC_26038-26039-26040,AGTCATGCCACACATTCTCTTTTTACATGT(C/G)CCGAAAATGAGGAAATGGTTTTGTCAAATTCA
for_GCC_29558-29559-29560,CAAGAAAAATCCTTAAAGGCTTCAAAAAGC(ACT/GCC)CCAGATGGTAAAATTAGCTTTTTATTTATA
for_GCC_29474-29475-29476,AAAACATATATGAAATATTTCTTTTTAGGAG(AA/CC)CCCTCAATCAAAAGAAACTTATTAAATGAA
for_GCC_31770-31771-31772,GGCACAATAAAAGATCGAAGATTGTTTATG(CAT/GCC)CATGTTTCTTTAGAGCCGATTACCTGTGTA
for_GCC_31788-31789-31790,AGATTGTTTATGCATCATGTTTCTTTAGAG(CCG/GCC)ATTACCTGTGTACCCTTTCGGTAAGACATG
for_GCC_39926-39927-39928,GTTTCAGGACATCCATTTTATCAAGTTTCTGC(T/C)ACAAGAAATGAAAAAATGAGACACTTGATT
for_GCC_40166-40167-40168,TTTAACAAAAACAACTCCAATCAAGCAGTAGC(T/C)GTAACTTTCACAAAGTGTGAAGAAGAACCT
for_GCC_39818-39819-39820,CGTCAAGAGATACAGAATCCAAATTTTACCGC(A/C)CCTGGTCAAGAATTTCTGTCTAAATCTCAT
for_GCC_39893-39894-39895,CTGACTTTGGAAAAATCTTCAAGCAATTTAGC(A/C)GTTTCAGGACATCCATTTTATCAAGTTTCT
for_GCC_40160-40161-40162,CATCAGTTTAACAAAAACAACTCCAATCAAGC(A/C)GTAGCTGTAACTTTCACAAAGTGTGAAGAA
for_GCC_39980-39981-39982,CACTTGATTACTACAGGCAGACCAACCAAAG(T/C)CTTTGTTCCACCTTTTAAAACTAAATCACAT
for_GCC_41443-41444-41445,GTCTTTCCACAGCCAGGCAGTCTGTATCTTGC(A/C)AAAACATCCACTCTGCCTCGAATCTCTCTG
for_GCC_41479-41480-41481,ACATCCACTCTGCCTCGAATCTCTCTGAAAGC(A/C)GCAGTAGGAGGCCAAGTTCCCTCTGCGTGT
for_GCC_41482-41483-41484,TCCACTCTGCCTCGAATCTCTCTGAAAGCAGC(A/C)GTAGGAGGCCAAGTTCCCTCTGCGTGTTCT
for_GCC_41506-41507-41508,AAAGCAGCAGTAGGAGGCCAAGTTCCCTCTGC(G/C)TGTTCTCATAAACAGGTATGTGTTTGTCTA
for_GCC_41413-41414-41415,ATGCGAATTAAGAAGAAACAAAGGCAACGCG(T/C)CTTTCCACAGCCAGGCAGTCTGTATCTTGCA
for_GCC_42656-42657-42658,TTCTTTTTTGTGTGTGTTTATTTTGTGTAG(CTG/GCC)TATACGTATGGCGTTTCTAAACATTGCATA
for_GCC_42797-42798-42799,AAAGGAATACAGTTGGCTGATGGTGGATGG(CTC/GCC)ATACCCTCCAATGATGGAAAGGCTGGAAAA
for_GCC_42713-42714-42715,TGCATAAAAATTAACAGCAAAAATGCAGAG(TCT/GCC)TTTCAGTTTCACACTGAAGATTATTTTGGT
for_GCC_47471-47472-47473,CTGTGTGACACTCCAGGTGTGGATCCAAAG(CTT/GCC)ATTTCTAGAATTTGGGTTTATAATCACTAT
for_GCC_47588-47589-47590,GCTAATAGATGCCTAAGCCCAGAAAGGGTG(CTT/GCC)CTTCAACTAAAATACAGGCAAGTTTAAAGC
for_GCC_48127-48128-48129,GATACGGAAATTGATAGAAGCAGAAGATCGGC(T/C)ATAAAAAAGATAATGGAAAGGGATGACACA
for_GCC_48160-48161-48162,ATAAAAAAGATAATGGAAAGGGATGACACAGC(T/C)GCAAAAACACTTGTTCTCTGTGTTTCTGAC
for_GCC_48295-48296-48297,GCCATTATTGAACTTACAGATGGGTGGTATGC(T/C)GTTAAGGCCCAGTTAGATCCTCCCCTCTTA
for_GCC_48328-48329-48330,GTTAAGGCCCAGTTAGATCCTCCCCTCTTAGC(T/C)GTCTTAAAGAATGGCAGACTGACAGTTGGT
for_GCC_48163-48164-48165,AAAAAGATAATGGAAAGGGATGACACAGCTGC(A/C)AAAACACTTGTTCTCTGTGTTTCTGACATA
for_GCC_48208-48209-48210,CTCTGTGTTTCTGACATAATTTCATTGAGCGC(A/C)AATATATCTGAAACTTCTAGCAATAAAACT
for_GCC_48247-48248-48249,TCTGAAACTTCTAGCAATAAAACTAGTAGTGC(A/C)GATACCCAAAAAGTGGCCATTATTGAACTT
for_GCC_48382-48383-48384,ACAGTTGGTCAGAAGATTATTCTTCATGGAGC(A/C)GAACTGGTGGGCTCTCCTGATGCCTGTACA
for_GCC_48331-48332-48333,AAGGCCCAGTTAGATCCTCCCCTCTTAGCTG(T/C)CTTAAAGAATGGCAGACTGACAGTTGGTCAG
for_GCC_55322-55323-55324,CAATATATTTATTAATTTGTCCAGATTTCTGC(T/C)AACAGTACTCGGCCTGCTCGCTGGTATACC
for_GCC_55340-55341-55342,GTCCAGATTTCTGCTAACAGTACTCGGCCTGC(T/C)CGCTGGTATACCAAACTTGGATTCTTTCCT
for_GCC_55457-55458-55459,GTTGGTTGTGTTGATGTAATTATTCAAAGAGC(A/C)TACCCTATACAGGTATGATGTATTCTTGAA
for_GCC_55909-55910-55911,AAGACATCATCTGGATTATACATATTTCGC(AAT/GCC)GAAAGAGAGGAAGAAAAGGAAGCAGCAAAA
for_GCC_59935-59936-59937,CTTACAATCATAGTGGAAGATGAAGGAGAAGC(A/C)AGTACCTTCTTCACAAGGTGGCAGGAAAGA
for_GCC_60292-60293-60294,TCCTCCACTGAAGTCTTGAACCCCCCAAAG(TCA/GCC)TCCATGAGGGTTGGAATCAACTTCTGGTAA
for_GCC_64405-64406-64407,ACAACCGTGTGGAAGTTGCGTATTGTAAGC(TAT/GCC)TCAAAAAAAGAAAAAGATTCAGGTAAGTAT
for_GCC_64777-64778-64779,ACTTCAAAATCTAAAAGTAAATCTGAAAGAGC(T/C)AACATACAGTTAGCAGCGACAAAAAAAACT
for_GCC_64744-64745-64746,GAAGGAAAGAGATACAGAATTTATCATCTTGC(A/C)ACTTCAAAATCTAAAAGTAAATCTGAAAGA
for_GCC_64792-64793-64794,AGTAAATCTGAAAGAGCTAACATACAGTTAGC(A/C)GCGACAAAAAAAACTCAGTATCAACAACTA
for_GCC_64795-64796-64797,AAATCTGAAAGAGCTAACATACAGTTAGCAGC(G/C)ACAAAAAAAACTCAGTATCAACAACTACCG
for_GCC_81923-81924-81925,ACTAAAGACTGTACTTCAGGGCCGTACACTGC(T/C)CAAATCATTCCTGGTACAGGAAACAAGCTT
for_GCC_81836-81837-81838,TCTTAGAATATTGACATACTTTGCAATGAAGC(A/C)GAAAACAAGCTTATGCATATACTGCATGCA
for_GCC_81866-81867-81868,GCAGAAAACAAGCTTATGCATATACTGCATGC(A/C)AATGATCCCAAGTGGTCCACCCCAACTAAA
for_GCC_83304-83305-83306,GTTAGTCCCATTTGTACATTTGTTTCTCCGGC(T/C)GCACAGAAGGCATTTCAGCCACCAAGGAGT
for_GCC_83445-83446-83447,GAAATTTCTCTTTTGGAAAGTAATTCAATAGC(T/C)GACGAAGAACTTGCATTGATAAATACCCAA
for_GCC_83478-83479-83480,GACGAAGAACTTGCATTGATAAATACCCAAGC(T/C)CTTTTGTCTGGTTCAACAGGAGAAAAACAA
for_GCC_83541-83542-83543,TTTATATCTGTCAGTGAATCCACTAGGACTGC(T/C)CCCACCAGTTCAGAAGATTATCTCAGACTG
for_GCC_83307-83308-83309,AGTCCCATTTGTACATTTGTTTCTCCGGCTGC(A/C)CAGAAGGCATTTCAGCCACCAAGGAGTTGT
for_GCC_83316-83317-83318,TGTACATTTGTTTCTCCGGCTGCACAGAAGGC(A/C)TTTCAGCCACCAAGGAGTTGTGGCACCAAA
for_GCC_83460-83461-83462,GAAAGTAATTCAATAGCTGACGAAGAACTTGC(A/C)TTGATAAATACCCAAGCTCTTTTGTCTGGT
for_GCC_83157-83158-83159,ATGGCCAAAAGGAAGTCTGTTTCCACACCTG(T/C)CTCAGCCCAGATGACTTCAAAGTCTTGTAAA
for_GCC_83520-83521-83522,GGTTCAACAGGAGAAAAACAATTTATATCTG(T/C)CAGTGAATCCACTAGGACTGCTCCCACCAGT
for_GCC_64978-64979-64980,TACCAGCCACGGGAGCCCCTTCACTTCAGC(AAA/GCC)TTTTTAGATCCAGACTTTCAGCCATCTTGT
for_GCC_79707-79708-79709,GAGGACATTATTAAGCCTCATATGTTAATTGC(T/C)GCAAGCAACCTCCAGTGGCGACCAGAATCC
for_GCC_79764-79765-79766,GAATCCAAATCAGGCCTTCTTACTTTATTTGC(T/C)GGAGATTTTTCTGTGTTTTCTGCTAGTCCA
for_GCC_79788-79789-79790,TTATTTGCTGGAGATTTTTCTGTGTTTTCTGC(T/C)AGTCCAAAAGAGGGCCACTTTCAAGAGACA
for_GCC_79650-79651-79652,TATTTGTCAGACGAATGTTACAATTTACTGGC(A/C)ATAAAGTTTTGGATAGACCTTAATGAGGAC
for_GCC_79710-79711-79712,GACATTATTAAGCCTCATATGTTAATTGCTGC(A/C)AGCAACCTCCAGTGGCGACCAGAATCCAAA
for_GCC_79617-79618-79619,TTTTTTTCCATTCTAGGACTTGCCCCTTTCG(T/C)CTATTTGTCAGACGAATGTTACAATTTACTG
for_GCC_80917-80918-80919,TTTTTTTTTTTTTTTTAGAGACAGAGTCTTGC(T/C)TTGTCACCCCCAGGCTGGAGTACAATAGCA
for_GCC_80983-80984-80985,TCTCGGATCACTGCAGTGTCTGCCTCCTGGGC(T/C)CAAGCGATTCTCGTGCCTTAGCCTCCCAAG
for_GCC_80947-80948-80949,GCTTTGTCACCCCCAGGCTGGAGTACAATAGC(A/C)CAATCTCGGATCACTGCAGTGTCTGCCTCC
for_GCC_80965-80966-80967,TGGAGTACAATAGCACAATCTCGGATCACTGC(A/C)GTGTCTGCCTCCTGGGCTCAAGCGATTCTC
for_GCC_80989-80990-80991,ATCACTGCAGTGTCTGCCTCCTGGGCTCAAGC(G/C)ATTCTCGTGCCTTAGCCTCCCAAGTAGCTG
